id;appellation;description;date_creation
1;brand purple Arizona;Personal Loan Account;2021-02-06T07:22:46
2;Practical Cotton Bike;tan navigate;2021-02-06T17:37:41
3;open system Specialist;calculating;2021-02-06T14:26:02
4;paradigms Rhode Island;Berkshire Syrian Arab Republic Garden;2021-02-06T08:35:31
5;Belgium;Chair connecting;2021-02-07T02:06:26
6;national generating COM;COM calculating;2021-02-06T05:55:25
7;Central;Awesome Fresh Ball;2021-02-06T16:18:18
8;Kina;navigate capacitor;2021-02-06T12:56:35
9;digital Clothing;synthesizing;2021-02-06T14:03:39
10;Licensed Fresh Mouse matrix Books;transmitter Customizable New York;2021-02-06T14:53:44
